name,email,city,state,company,profile_url
John Smith,john.smith@realtypros.com,New York,NY,Realty Pros,https://example.com/john-smith
Sarah Johnson,sarah.johnson@century21.com,Los Angeles,CA,Century 21,https://example.com/sarah-johnson
Michael Brown,michael.brown@kellerwilliams.com,Chicago,IL,Keller Williams,https://example.com/michael-brown
Emily Davis,emily.davis@remax.com,Houston,TX,RE/MAX,https://example.com/emily-davis
David Wilson,david.wilson@coldwellbanker.com,Phoenix,AZ,Coldwell Banker,https://example.com/david-wilson
Lisa Anderson,lisa.anderson@berkshirehathaway.com,Philadelphia,PA,Berkshire Hathaway,https://example.com/lisa-anderson
Robert Taylor,robert.taylor@windermere.com,San Antonio,TX,Windermere,https://example.com/robert-taylor
Jennifer Martinez,jennifer.martinez@compass.com,San Diego,CA,Compass,https://example.com/jennifer-martinez
Christopher Garcia,christopher.garcia@cbusa.com,Dallas,TX,CB USA,https://example.com/christopher-garcia
Amanda Rodriguez,amanda.rodriguez@douglaselliman.com,San Jose,CA,Douglas Elliman,https://example.com/amanda-rodriguez
Thomas Lee,,Miami,FL,Miami Real Estate,https://example.com/thomas-lee
Jessica White,,Seattle,WA,Seattle Properties,https://example.com/jessica-white
